# Host: localhost  (Version 5.5.15)
# Date: 2019-07-01 13:58:37
# Generator: MySQL-Front 6.1  (Build 1.26)


#
# Structure for table "tb_classification"
#

CREATE TABLE `tb_classification` (
  `cId` int(11) NOT NULL AUTO_INCREMENT,
  `cName` varchar(20) NOT NULL,
  `cType` varchar(20) NOT NULL,
  PRIMARY KEY (`cId`)
) ENGINE=InnoDB AUTO_INCREMENT=11 DEFAULT CHARSET=utf8;

#
# Data for table "tb_classification"
#

INSERT INTO `tb_classification` VALUES (1,'工资','收入'),(2,'补贴','收入'),(3,'奖金','收入'),(4,'饮食','支出'),(5,'服饰','支出'),(6,'交通','支出'),(7,'旅游','支出'),(8,'住宿','支出'),(9,'文娱','支出'),(10,'生活用品','支出');

#
# Structure for table "tb_users"
#

CREATE TABLE `tb_users` (
  `uId` int(11) NOT NULL AUTO_INCREMENT,
  `uName` varchar(20) NOT NULL,
  `uPassword` varchar(40) NOT NULL,
  `uImagePath` varchar(200) DEFAULT NULL,
  PRIMARY KEY (`uId`)
) ENGINE=InnoDB AUTO_INCREMENT=16 DEFAULT CHARSET=utf8;

#
# Data for table "tb_users"
#

INSERT INTO `tb_users` VALUES (1,'张三','e10adc3949ba59abbe56e057f20f883e','C:\\Users\\Administrator\\Pictures\\panda.png'),(10,'杜小月','e10adc3949ba59abbe56e057f20f883e','E:\\GitHub\\LearningSource\\实战\\管家婆系统（JavaFX版）\\src\\AccountSystem\\images\\panda.png'),(11,'铁齿铜牙','e10adc3949ba59abbe56e057f20f883e','E:\\GitHub\\LearningSource\\实战\\管家婆系统（JavaFX版）\\src\\AccountSystem\\images\\panda.png'),(12,'和珅','e10adc3949ba59abbe56e057f20f883e','E:\\GitHub\\LearningSource\\实战\\管家婆系统（JavaFX版）\\src\\AccountSystem\\images\\panda.png'),(13,'订单','e10adc3949ba59abbe56e057f20f883e','E:\\GitHub\\LearningSource\\实战\\管家婆系统（JavaFX版）\\src\\AccountSystem\\images\\panda.png'),(14,'李世民','e10adc3949ba59abbe56e057f20f883e','E:\\图片\\收藏图片\\十月.jpg'),(15,'张三丰','e10adc3949ba59abbe56e057f20f883e','E:\\GitHub\\LearningSource\\实战\\管家婆系统（JavaFX版）\\src\\AccountSystem\\images\\panda.png');

#
# Structure for table "tb_records"
#

CREATE TABLE `tb_records` (
  `rId` int(11) NOT NULL AUTO_INCREMENT,
  `uId` int(11) NOT NULL,
  `rType` varchar(20) NOT NULL,
  `rMoney` float NOT NULL,
  `rClassification` varchar(20) NOT NULL,
  `rMemo` varchar(3000) NOT NULL,
  `rDate` date NOT NULL,
  PRIMARY KEY (`rId`),
  KEY `uId` (`uId`),
  CONSTRAINT `tb_records_ibfk_1` FOREIGN KEY (`uId`) REFERENCES `tb_users` (`uId`)
) ENGINE=InnoDB AUTO_INCREMENT=89 DEFAULT CHARSET=utf8;

#
# Data for table "tb_records"
#

INSERT INTO `tb_records` VALUES (1,11,'支出',200.54,'旅游','出去耍了','1970-01-01'),(2,11,'收入',65.6,'工资','有钱了','1970-01-01'),(3,11,'支出',52.79,'饮食','无备注','1970-01-01'),(4,11,'支出',200.54,'旅游','出去耍了','1970-01-01'),(5,11,'收入',65.6,'工资','有钱了','1970-01-01'),(6,11,'支出',52.79,'饮食','无备注','1970-01-01'),(7,11,'收入',1345,'补贴','三水水水水水水水水水水','2019-06-12'),(8,11,'收入',65.6,'工资','有钱了','1970-01-01'),(9,11,'支出',52.79,'饮食','无备注','1970-01-01'),(10,11,'支出',200.54,'旅游','出去耍了','1970-01-01'),(11,11,'收入',65.6,'工资','有钱了','1970-01-01'),(12,11,'支出',52.79,'饮食','无备注','1970-01-01'),(13,11,'支出',200.54,'旅游','出去耍了','1970-01-01'),(14,11,'收入',65.6,'工资','有钱了','1970-01-01'),(15,11,'支出',52.79,'饮食','无备注','1970-01-01'),(16,11,'支出',200.54,'旅游','出去耍了','1970-01-01'),(17,11,'收入',65.6,'工资','有钱了','1970-01-01'),(18,11,'支出',52.79,'饮食','无备注','1970-01-01'),(19,11,'支出',200.54,'旅游','出去耍了','1970-01-01'),(20,11,'收入',65.6,'工资','有钱了','1970-01-01'),(21,11,'支出',52.79,'饮食','无备注','1970-01-01'),(22,14,'支出',200.54,'旅游','出去耍了','1970-01-01'),(23,14,'收入',65.6,'工资','有钱了','1970-01-01'),(24,14,'支出',200.54,'旅游','出去耍了','1970-01-01'),(25,14,'收入',65.6,'工资','有钱了','1970-01-01'),(26,14,'支出',52.79,'饮食','无备注','1970-01-01'),(27,14,'支出',200.54,'旅游','出去耍了','1970-01-01'),(28,14,'收入',65.6,'工资','有钱了','1970-01-01'),(29,14,'支出',52.79,'饮食','无备注','1970-01-01'),(30,14,'收入',1111110000,'补贴','1123','2019-06-05'),(31,14,'支出',1234,'饮食','123','2019-06-11'),(32,14,'支出',22,'服饰','顶顶顶','2019-06-11'),(33,14,'收入',55,'补贴','0','2019-06-11'),(34,14,'收入',12,'补贴','顶顶顶','2019-06-11'),(35,15,'支出',300,'饮食','无备注','2019-05-02'),(36,15,'支出',300,'饮食','无备注','2019-05-20'),(37,15,'支出',5000,'交通','出去旅游了','2019-03-15'),(38,15,'支出',5000,'交通','出去旅游了','2019-03-15'),(39,15,'支出',5000,'交通','出去旅游了','2019-03-15'),(40,15,'收入',800,'工资','有钱了','2017-05-25'),(41,15,'支出',100,'饮食','无备注','2017-05-25'),(42,15,'收入',800,'工资','有钱了','1970-01-01'),(43,15,'支出',100,'饮食','无备注','1970-01-01'),(44,15,'收入',65.6,'工资','有钱了','1970-01-01'),(45,15,'支出',52.79,'饮食','无备注','1970-01-01'),(46,14,'收入',65.6,'工资','有钱了','1970-01-01'),(47,14,'支出',52.79,'饮食','无备注','1970-01-01'),(48,14,'支出',200.54,'旅游','出去耍了','1970-01-01'),(49,14,'收入',65.6,'工资','有钱了','1970-01-01'),(50,14,'支出',52.79,'饮食','无备注','1970-01-01'),(51,14,'收入',65.6,'工资','有钱了','1970-01-01'),(52,14,'支出',52.79,'饮食','无备注','1970-01-01'),(53,14,'支出',200.54,'旅游','出去耍了','1970-01-01'),(54,14,'收入',65.6,'工资','有钱了','1970-01-01'),(55,14,'支出',52.79,'饮食','无备注','1970-01-01'),(56,14,'收入',1345,'补贴','三水水水水水水水水水水','2019-06-12'),(57,14,'收入',65.6,'工资','有钱了','1970-01-01'),(58,14,'支出',52.79,'饮食','无备注','1970-01-01'),(59,14,'支出',200.54,'旅游','出去耍了','1970-01-01'),(60,14,'收入',65.6,'工资','有钱了','1970-01-01'),(61,14,'支出',52.79,'饮食','无备注','1970-01-01'),(62,14,'支出',200.54,'旅游','出去耍了','1970-01-01'),(63,14,'收入',65.6,'工资','有钱了','1970-01-01'),(64,14,'支出',52.79,'饮食','无备注','1970-01-01'),(65,14,'支出',200.54,'旅游','出去耍了','1970-01-01'),(66,14,'收入',65.6,'工资','有钱了','1970-01-01'),(67,14,'支出',52.79,'饮食','无备注','1970-01-01'),(68,14,'支出',200.54,'旅游','出去耍了','1970-01-01'),(69,14,'收入',65.6,'工资','有钱了','1970-01-01'),(70,14,'支出',52.79,'饮食','无备注','1970-01-01'),(71,1,'支出',300,'饮食','无备注','2019-05-02'),(72,1,'收入',500,'补贴','发补贴了','2019-05-15'),(73,1,'支出',300,'住宿','无备注','2019-05-21'),(74,1,'收入',800,'工资','发工资了','2019-06-15'),(75,1,'支出',5000,'交通','出去旅游了','2019-03-15'),(76,1,'收入',1111,'补贴','22222','2019-06-11'),(77,1,'支出',300,'饮食','无备注','2019-05-02'),(78,1,'收入',500,'补贴','发补贴了','2019-05-15'),(79,1,'支出',300,'饮食','无备注','2019-05-20'),(80,1,'收入',800,'工资','发工资了','2019-06-15'),(81,1,'支出',300,'饮食','无备注','2019-06-16'),(82,1,'支出',5000,'交通','出去旅游了','2019-03-15'),(83,1,'支出',5000,'交通','出去旅游了','2019-03-15'),(84,1,'支出',5000,'交通','出去旅游了','2019-03-15'),(85,1,'支出',5000,'交通','出去旅游了','2019-03-15'),(86,1,'支出',125,'交通','顶顶顶顶顶顶顶顶','2019-06-21'),(87,1,'收入',125,'补贴','顶顶顶顶顶顶顶顶','2019-06-21'),(88,1,'支出',1111,'交通','出去耍','2019-06-28');
